id,osmUserId,osmType,osmId,timestamp,style,myGrade,note,pairing
60,162287,node,12076622869,"2024-07-27 16:24:56.401000 +00:00",OS,,,
125,9631658,node,11796018056,"2025-08-20 20:09:03.599000 +00:00",OS,,,
126,9631658,node,11557836469,"2025-09-16 16:45:18.689000 +00:00",OS,,,
142,9631658,node,11573396396,"2025-09-14 18:28:28.490000 +00:00",OS,,,
143,9631658,node,11573396398,"2025-09-14 18:28:31.830000 +00:00",OS,,,
176,9631658,,,"2025-08-10 18:41:34.090000 +00:00",RP,,,
199,9631658,,,"2025-08-10 18:41:34.090000 +00:00",RP,,,
223,9631658,node,11734909638,"2025-09-09 19:54:33.820000 +00:00",AF,,,
224,9631658,node,11734909638,"2025-09-09 19:56:34.485000 +00:00",AF,,,
225,9631658,node,11734909638,"2025-09-09 19:57:59.392000 +00:00",AF,,,
226,9631658,node,11734909638,"2025-09-10 06:35:16.061000 +00:00",AF,,,
227,9631658,node,11734909638,"2025-09-10 06:40:40.248000 +00:00",AF,,,
228,9631658,node,11734909638,"2025-09-10 06:41:51.787000 +00:00",AF,,,
229,9631658,node,11734909628,"2025-09-10 06:43:15.636000 +00:00",AF,,,
231,9631658,node,11734909644,"2025-09-10 06:52:38.135000 +00:00",RP,,,
297,162287,node,11769192946,"2024-08-16 16:54:46.858000 +00:00",OS,,,
298,162287,node,11660210979,"2024-09-19 12:22:37.257000 +00:00",OS,,,
299,162287,node,11660210981,"2024-09-19 12:22:44.033000 +00:00",OS,,,
300,162287,node,11660210983,"2024-09-19 12:22:48.430000 +00:00",OS,,,
301,162287,node,11850295583,"2024-09-21 13:11:36.190000 +00:00",OS,,,
302,162287,node,11850295585,"2024-09-21 13:18:00.622000 +00:00",OS,,,
303,162287,node,11796001900,"2024-09-22 12:02:55.721000 +00:00",OS,,,
304,162287,node,11580044125,"2024-10-13 12:22:08.027000 +00:00",OS,,,
305,162287,node,11580044141,"2024-10-13 12:22:30.395000 +00:00",OS,,,
306,162287,node,11571348179,"2024-10-13 13:17:26.935000 +00:00",OS,,,
307,162287,node,11580052744,"2024-10-13 13:40:36.141000 +00:00",OS,,,
308,162287,node,11934388071,"2024-10-16 14:49:19.327000 +00:00",OS,,,
311,162287,node,11828430222,"2025-08-06 15:22:44.250000 +00:00",OS,,,
312,162287,node,11828430225,"2025-08-06 16:08:54.496000 +00:00",OS,,,
345,162287,node,12147607447,"2025-09-16 18:34:02.748000 +00:00",OS,,,
411,9631658,node,11843218083,"2025-09-16 21:30:48.488000 +00:00",OS,,,
444,9631658,node,11768994361,"2025-06-06 14:39:53.866000 +00:00",OS,,,
445,9631658,node,11768994356,"2025-06-06 14:39:59.713000 +00:00",OS,,,
446,9631658,node,12974183408,"2025-07-04 08:46:12.634000 +00:00",OS,,,
447,9631658,node,12974137606,"2025-07-04 08:46:31.079000 +00:00",OS,,,
448,9631658,node,12974472627,"2025-07-04 10:07:04.805000 +00:00",OS,,,
449,9631658,node,12974453940,"2025-07-04 13:09:48.418000 +00:00",OS,,,
450,9631658,node,12974271815,"2025-07-04 14:51:50.760000 +00:00",OS,,,
451,9631658,node,12974151138,"2025-07-04 15:42:25.639000 +00:00",OS,,,
452,9631658,node,12974472623,"2025-07-04 16:40:48.260000 +00:00",OS,,,
453,9631658,node,12974225339,"2025-07-04 17:30:33.403000 +00:00",OS,,,
459,9631658,node,11828430225,"2025-08-06 16:06:12.620000 +00:00",OS,,,
460,9631658,node,11828430222,"2025-08-06 16:06:18.244000 +00:00",OS,,,
473,9631658,way,1390227070,"2025-08-21 15:22:18.242000 +00:00",OS,,,
474,9631658,node,13123069872,"2025-09-06 13:57:40.964000 +00:00",OS,,,
475,9631658,node,13123217515,"2025-09-06 13:57:44.176000 +00:00",OS,,,
476,9631658,node,13123217516,"2025-09-06 13:57:45.694000 +00:00",OS,,,
477,9631658,node,13123217530,"2025-09-06 13:58:00.079000 +00:00",OS,,,
478,9631658,node,13123217529,"2025-09-06 13:58:01.225000 +00:00",OS,,,
479,9631658,node,13123217526,"2025-09-06 13:58:07.916000 +00:00",OS,,,
480,9631658,node,13123217525,"2025-09-06 13:58:09.753000 +00:00",OS,,,
645,9631658,node,11828430237,"2025-09-18 16:40:39.406000 +00:00",FL,,,
678,9631658,node,11828430235,"2025-09-18 16:41:12.951000 +00:00",FL,,,
711,162287,node,11828430235,"2025-09-18 17:16:46.339000 +00:00",OS,5+,"plotna nahoře docela těžká",
712,162287,node,11828430237,"2025-09-18 17:16:52.210000 +00:00",OS,,,
745,1886770,way,445009274,"2016-10-01 20:00:00.000000 +00:00",FL,,,
746,1886770,way,445009274,"2025-09-14 20:03:44.805000 +00:00",OS,,,
747,1886770,way,445009274,"2016-10-01 20:00:00.000000 +00:00",FL,,,
748,1886770,way,445009274,"2025-09-14 20:03:44.805000 +00:00",OS,,,
749,1886770,way,445009274,"2019-10-26 20:00:00.000000 +00:00",OS,,,
782,20777909,node,12405119721,"2025-06-28 12:19:07.190000 +00:00",OS,,,
783,20777909,node,12405119720,"2025-06-28 12:19:21.148000 +00:00",OS,,,
784,20777909,node,12405119729,"2025-09-21 11:27:27.223000 +00:00",OS,,,
785,20777909,node,12405119728,"2025-09-21 11:27:44.600000 +00:00",OS,,,
786,20777909,node,12405119711,"2025-09-21 11:27:57.159000 +00:00",OS,,,
787,20777909,node,12405119710,"2025-09-21 11:28:10.490000 +00:00",OS,,,
820,20777909,node,12405119713,"2025-09-21 13:52:20.555000 +00:00",OS,,,
856,9631658,node,11580052745,"2024-10-13 15:35:50.225000 +00:00",OS,,,
857,9631658,node,11580052744,"2024-10-13 15:35:54.727000 +00:00",OS,,,
858,9631658,node,11580052743,"2024-10-13 15:36:00.325000 +00:00",OS,,,
859,9631658,node,11580044140,"2024-10-13 15:36:34.222000 +00:00",OS,,,
892,9631658,node,13124633052,"2025-09-22 13:56:35.935000 +00:00",OS,,,
925,717920,node,12040071975,"2025-09-23 12:19:29.505000 +00:00",OS,,,
926,717920,node,12040071974,"2025-09-23 12:19:35.575000 +00:00",OS,,,
927,717920,node,12040071973,"2025-09-23 12:19:39.003000 +00:00",OS,,,
928,717920,node,12040071972,"2025-09-23 12:19:41.595000 +00:00",OS,,,
929,717920,node,12040071971,"2025-09-23 12:19:45.105000 +00:00",OS,,,
930,717920,node,12040071970,"2025-09-23 12:19:49.639000 +00:00",OS,,,
931,717920,node,12040071969,"2025-09-23 12:19:57.129000 +00:00",OS,,,
932,717920,node,12040046368,"2025-09-23 12:20:01.336000 +00:00",OS,,,
933,717920,node,12040046367,"2025-09-23 12:20:04.458000 +00:00",OS,,,
934,717920,node,12040046366,"2025-09-23 12:20:07.663000 +00:00",OS,,,
935,717920,node,12040046365,"2025-09-23 12:20:11.804000 +00:00",OS,,,
936,717920,node,12040046364,"2025-09-23 12:20:15.161000 +00:00",OS,,,
937,717920,node,12040046349,"2025-09-23 12:20:34.262000 +00:00",OS,,,
938,717920,node,12040046348,"2025-09-23 12:20:37.238000 +00:00",OS,,,
939,717920,node,12040046347,"2025-09-23 12:20:40.484000 +00:00",OS,,,
940,717920,node,12040046346,"2025-09-23 12:20:44.088000 +00:00",OS,,,
941,717920,node,12040046345,"2025-09-23 12:20:47.134000 +00:00",OS,,,
942,717920,node,12040046344,"2025-09-23 12:20:50.474000 +00:00",OS,,,
943,717920,node,12040046343,"2025-09-23 12:20:53.040000 +00:00",OS,,,
944,717920,node,12040046342,"2025-09-23 12:20:58.730000 +00:00",OS,,,
945,717920,node,12040046348,"2025-09-23 12:21:13.702000 +00:00",OS,,,
946,717920,node,12040046347,"2025-09-23 12:21:20.200000 +00:00",OS,,,
947,717920,node,12040046346,"2025-09-23 12:21:36.964000 +00:00",OS,,,
948,717920,node,12040046341,"2025-09-23 12:21:53.283000 +00:00",OS,,,
949,717920,node,12040046340,"2025-09-23 12:21:55.797000 +00:00",OS,,,
950,717920,node,12040046339,"2025-09-23 12:21:59.545000 +00:00",OS,,,
951,717920,node,12040046338,"2025-09-23 12:22:04.387000 +00:00",OS,,,
952,717920,node,12040046337,"2025-09-23 12:22:07.079000 +00:00",OS,,,
953,717920,node,12040046336,"2025-09-23 12:22:09.849000 +00:00",OS,,,
954,717920,node,12040046335,"2025-09-23 12:22:13.457000 +00:00",OS,,,
955,717920,node,12040046334,"2025-09-23 12:22:16.675000 +00:00",OS,,,
956,717920,node,12040046333,"2025-09-23 12:22:19.267000 +00:00",OS,,,
957,717920,node,12040046332,"2025-09-23 12:22:21.949000 +00:00",OS,,,
958,717920,node,12040046331,"2025-09-23 12:22:27.585000 +00:00",OS,,,
959,717920,node,12040046330,"2025-09-23 12:22:32.327000 +00:00",OS,,,
992,22922503,node,11645691920,"2025-05-21 08:32:53.173000 +00:00",OS,,,
993,22922503,node,11645691921,"2025-05-21 08:33:48.598000 +00:00",OS,,,
994,22922503,way,1390227076,"2025-07-19 12:31:16.904000 +00:00",OS,,,
995,22922503,way,1390227077,"2025-07-19 12:31:19.511000 +00:00",OS,,,
996,22922503,way,1390227061,"2025-07-19 12:31:28.686000 +00:00",OS,,,
997,22922503,way,1390227062,"2025-07-19 12:31:30.953000 +00:00",OS,,,
998,22922503,way,1390227063,"2025-07-19 12:31:33.306000 +00:00",OS,,,
999,22922503,way,1390227064,"2025-07-19 12:31:35.248000 +00:00",OS,,,
1000,22922503,way,1390227065,"2025-07-19 12:31:37.111000 +00:00",OS,,,
1033,22922503,node,11887543273,"2025-09-28 10:59:34.223000 +00:00",OS,,,
1034,22922503,node,11887543274,"2025-09-28 11:00:10.471000 +00:00",OS,,,
1067,22922503,node,11888267920,"2025-09-28 11:32:51.933000 +00:00",OS,,,
1068,22922503,node,11888267921,"2025-09-28 11:32:59.805000 +00:00",OS,,,
1069,22922503,node,11887543275,"2025-09-28 11:33:31.170000 +00:00",OS,,,
1102,22922503,node,11887543271,"2025-09-28 11:56:06.458000 +00:00",OS,,,
1135,22922503,node,11888264666,"2025-09-28 13:07:06.310000 +00:00",OS,,,
1168,1886770,node,9763591090,"2025-06-26 20:10:43.856000 +00:00",OS,,,
1201,9631658,node,13180691044,"2025-09-30 21:10:16.089000 +00:00",OS,,,
1202,9631658,node,13180691047,"2025-09-30 21:10:18.914000 +00:00",OS,,,
1203,9631658,node,13180691052,"2025-09-30 21:10:22.940000 +00:00",OS,,,
1204,9631658,node,13180691053,"2025-09-30 21:10:25.124000 +00:00",OS,,,
1205,9631658,node,13180691061,"2025-09-30 21:10:27.417000 +00:00",OS,,,
1238,9631658,node,13192192989,"2025-10-05 17:52:06.125000 +00:00",OS,,,
1239,9631658,node,13192192990,"2025-10-05 17:52:10.387000 +00:00",OS,,,
1240,9631658,node,13192192991,"2025-10-05 17:52:13.764000 +00:00",OS,,,
1241,9631658,node,13192192997,"2025-10-05 17:52:22.556000 +00:00",OS,,,
1242,9631658,node,13192192998,"2025-10-05 17:52:25.663000 +00:00",OS,,,
1275,22922503,node,11769192949,"2025-10-11 08:22:59.679000 +00:00",OS,,,
1276,22922503,node,11769192950,"2025-10-11 08:23:04.359000 +00:00",OS,,,
1309,22922503,node,11769192951,"2025-10-11 08:43:40.401000 +00:00",OS,,,
1342,22922503,node,11769201157,"2025-10-11 09:24:37.239000 +00:00",OS,,,
1375,22922503,node,11769192944,"2025-10-11 11:14:46.932000 +00:00",AF,,,
1408,22922503,node,11769217724,"2025-10-11 11:15:21.716000 +00:00",AF,,,
1441,22922503,node,11769201156,"2025-10-11 11:51:01.205000 +00:00",OS,,,
1474,23417656,node,13165871081,"2025-10-20 21:14:44.542000 +00:00",TR,,,
1476,23417656,node,13165871082,"2025-10-20 21:17:15.076000 +00:00",TR,,,
1509,23417656,node,13167248946,"2025-10-20 21:21:23.974000 +00:00",OS,,,
1510,23417656,node,13167248951,"2025-10-20 21:21:38.603000 +00:00",OS,,,
1543,23417656,node,13165986728,"2025-10-20 21:30:32.536000 +00:00",TR,,,
1576,23417656,node,13167248943,"2025-10-21 09:05:21.936000 +00:00",TR,,,
1577,23417656,node,13167248936,"2025-10-21 09:05:32.674000 +00:00",TR,,,
1610,23417656,node,13167248935,"2025-10-21 17:23:14.358000 +00:00",TR,,,
1643,14145542,node,13094894858,"2025-08-23 00:00:00.000000 +00:00",TR,,,
1676,2131392,way,1413461776,"2025-09-04 12:40:52.024000 +00:00",OS,,,
1725,9631658,node,11780436575,"2024-10-10 18:53:13.049000 +00:00",OS,,,
1726,9631658,node,11780436574,"2024-10-10 18:53:14.610000 +00:00",OS,,,
1727,9631658,node,11780436581,"2024-10-10 18:56:53.534000 +00:00",OS,,,
1728,9631658,node,11580052703,"2024-12-10 18:39:33.732000 +00:00",OS,,,
1729,9631658,node,12460723057,"2024-12-29 13:23:53.320000 +00:00",PP,,,
1736,9631658,node,11824396605,"2025-03-22 13:52:21.144000 +00:00",OS,,,
1737,9631658,node,11824396606,"2025-03-22 13:52:22.815000 +00:00",OS,,,
1738,9631658,node,11822891978,"2025-03-22 13:52:58.365000 +00:00",OS,,,
1739,9631658,node,11824396608,"2025-03-22 14:38:09.832000 +00:00",OS,,,
1772,1886770,way,1462462030,"2026-01-01 07:16:09.104000 +00:00",OS,,,
1773,1886770,way,1462462036,"2026-01-01 07:16:28.614000 +00:00",OS,,,
1774,1886770,way,1462462028,"2026-01-01 07:16:49.751000 +00:00",OS,,,
1775,1886770,way,1462462027,"2026-01-01 07:17:06.651000 +00:00",OS,,,
1776,1886770,way,1462738548,"2026-01-01 07:17:45.299000 +00:00",OS,,,
1777,1886770,way,1462980158,"2026-01-01 07:18:10.953000 +00:00",OS,,,
1778,1886770,way,1462980155,"2026-01-01 07:18:18.075000 +00:00",OS,,,
1811,23667344,node,13152363975,"2026-01-02 17:28:08.096000 +00:00",OS,,,
1812,23667344,node,13152363976,"2026-01-02 17:29:09.111000 +00:00",OS,,,
1813,23667344,node,13152363977,"2026-01-02 17:29:33.719000 +00:00",OS,,,
1814,23667344,node,13152363978,"2026-01-02 17:29:41.616000 +00:00",OS,,,
1815,23667344,node,13152363979,"2026-01-02 17:29:48.353000 +00:00",OS,,,
1816,23667344,node,13152363980,"2026-01-02 17:29:53.825000 +00:00",OS,,,
1817,23667344,node,13152363981,"2026-01-02 17:30:00.114000 +00:00",OS,,,
1818,23667344,node,13152363983,"2026-01-02 17:30:06.011000 +00:00",OS,,,
1819,23667344,node,13152363982,"2026-01-02 17:30:46.088000 +00:00",TR,,,
1953,23667344,node,13167025297,"2026-01-03 09:57:53.637000 +00:00",OS,,,
1986,23667344,node,13167025295,"2026-01-03 10:26:46.875000 +00:00",OS,,,
2019,23667344,node,13167025293,"2026-01-03 10:51:22.974000 +00:00",OS,,,
2052,23667344,node,13167222586,"2026-01-03 12:14:55.590000 +00:00",OS,,,
2085,23667344,node,13167222587,"2026-01-03 12:40:03.708000 +00:00",OS,,,
2118,23667344,node,13152977594,"2026-01-03 14:14:12.499000 +00:00",OS,,,
2151,23667344,node,13152977592,"2026-01-03 15:08:33.319000 +00:00",OS,,,
2152,23667344,node,13152977591,"2026-01-03 15:08:46.543000 +00:00",OS,,,
2185,23667344,node,13152977590,"2026-01-03 15:27:43.280000 +00:00",OS,,,
2218,23667344,node,13152977596,"2026-01-03 16:40:27.071000 +00:00",OS,,,
2219,23667344,node,13152977595,"2026-01-03 16:40:43.328000 +00:00",RP,,,
2252,23667344,node,13153011208,"2026-01-04 09:23:31.735000 +00:00",FS,,,
2253,23667344,node,13153011209,"2026-01-04 09:24:13.974000 +00:00",OS,,,
2286,23667344,node,13153011210,"2026-01-04 10:24:45.780000 +00:00",OS,,,
2287,23667344,node,13153011211,"2026-01-04 10:24:57.198000 +00:00",OS,,,
2320,23667344,node,13153011212,"2026-01-04 10:39:01.693000 +00:00",OS,,,
2353,23667344,node,13153011213,"2026-01-04 11:14:57.389000 +00:00",OS,,,
2386,23667344,node,13153011206,"2026-01-04 13:01:36.409000 +00:00",FS,,,
2419,2385757,node,12979803224,"2025-07-09 19:30:10.269000 +00:00",OS,,,
2420,2385757,node,12979803224,"2025-07-09 19:30:13.277000 +00:00",OS,,,
2424,162287,node,11817131296,2026-03-06T14:42:59.861Z,OS,,,
2425,162287,node,11817131302,2026-03-06T14:54:00.140Z,OS,,,
2426,162287,node,11822884923,2026-03-06T16:32:39.748Z,OS,,"pěkný silovější tak 6+",
2427,162287,node,11822884914,2026-03-06T16:32:50.924Z,OS,,,
2429,162287,node,13699276808,2026-04-01T08:19:56.473Z,OS,,,
2430,162287,node,13699276838,2026-04-01T08:21:02.257Z,OS,,,
2431,9631658,node,13699276807,2026-04-03T05:47:52.267Z,OS,,,
2432,9631658,node,13699276808,2026-04-03T05:47:55.717Z,OS,,,
2433,9631658,node,13699276809,2026-04-03T05:48:00.148Z,OS,,,
2434,9631658,node,13699276810,2026-04-03T05:48:05.350Z,OS,,,
2435,9631658,node,13699276811,2026-04-03T05:48:08.391Z,OS,,,
2436,9631658,node,13699276833,2026-04-03T05:48:31.366Z,OS,,,
2437,9631658,node,13699276836,2026-04-03T05:48:39.622Z,OS,,,
2438,9631658,node,13699276837,2026-04-03T05:48:41.241Z,OS,,,
2439,9631658,node,13699276838,2026-04-03T05:48:43.634Z,OS,,,
2440,9631658,node,13699276839,2026-04-03T05:48:47.007Z,OS,,,
2441,9631658,node,13699276841,2026-04-03T05:48:54.932Z,OS,,,
2442,9631658,node,13699276842,2026-04-03T05:48:56.822Z,OS,,,"{""partners"":""@kdoasi""}"
2443,24008154,node,13699276807,2026-04-03T05:55:50.465Z,FL,,,"{""partners"":""@jvaclavik""}"
2444,24008154,node,13699276809,2026-04-03T06:00:33.699Z,FL,,,"{""partners"":""@zbycz""}"
2446,24008154,node,13699276810,2026-04-03T06:04:01.309Z,OS,,"co-climber @jvaclavik",
2447,24008154,node,13699276811,2026-04-03T06:07:04.860Z,PJ,,,"{""partners"":""@jvaclavik ""}"
2448,24008154,node,13699276842,2026-04-03T06:08:59.621Z,OS,,"co-climber @jvaclavik",
2449,24008154,node,13699276840,2026-04-03T06:09:23.720Z,FL,,,"{""partners"":""@gibisek ""}"
2450,24008154,node,13699276838,2026-04-03T06:10:01.067Z,FL,,,"{""partners"":""@jvaclavik ""}"
2453,24008154,node,13699276836,2026-04-03T06:11:57.837Z,FL,,,"{""partners"":""@jvaclavik ""}"
2454,24008154,node,13699276837,2026-04-03T06:12:54.382Z,FL,,,"{""partners"":""@jvaclavik ""}"
2455,24008154,node,13699276833,2026-04-03T06:13:55.834Z,FL,,,"{""partners"":""@jvaclavik ""}"
2456,24008282,node,13699276842,2026-04-03T06:50:47.695Z,PP,,,
2457,24008282,node,13699276840,2026-04-03T06:51:16.779Z,FL,,,
2458,24008282,node,13699276839,2026-04-03T06:52:27.090Z,PP,,,
2459,24008282,node,13700552139,2026-04-03T20:47:51.315Z,OS,,,
2460,24008154,node,13700552139,2026-04-03T20:48:05.096Z,FL,,"co-climber @jvaclavik",
2461,24008282,node,13700552138,2026-04-03T20:49:00.283Z,OS,,,
2462,24008282,node,13700552136,2026-04-03T20:49:08.257Z,FL,,,
2463,24008282,node,13700552137,2026-04-03T20:49:27.574Z,OS,,,
2464,24008282,node,13700552134,2026-04-03T20:49:34.000Z,OS,,,
2465,24008282,node,13700552134,2026-04-03T20:49:49.779Z,PP,,,
2466,24008154,node,13700552137,2026-04-03T20:50:14.912Z,FL,,"","{""partners"":""@KBártík""}"
2467,24008154,node,13700552136,2026-04-03T20:51:42.707Z,FL,,,
2468,24008154,node,13700552134,2026-04-03T20:53:21.627Z,FL,,,"{""partners"":""@gibisek""}"
2469,24008154,node,13700552132,2026-04-03T20:54:02.191Z,FL,,,"{""partners"":""@jvaclavik""}"
2470,24008282,node,11828443887,2026-04-03T20:55:54.014Z,OS,,,
2471,24008282,node,11828443885,2026-04-03T20:55:57.313Z,OS,,,
2472,24008282,node,11828443889,2026-04-03T20:56:00.764Z,OS,,,
2473,24008282,node,11828443890,2026-04-03T20:56:03.592Z,OS,,,
2474,24008282,node,11828443892,2026-04-03T20:56:07.735Z,OS,,,
2475,24008282,node,11828443894,2026-04-03T20:56:13.283Z,OS,,,
2476,24008282,node,11828443895,2026-04-03T20:56:16.378Z,OS,,,
2477,24008282,node,11828443896,2026-04-03T20:56:18.890Z,OS,,,
2478,24011695,node,13699276840,2026-04-02T08:21:14.174Z,OS,,,"{""partners"":""@jvaclavik""}"
2479,24011695,node,13699276839,2026-04-04T08:21:36.181Z,FL,,,
2480,24011695,node,13700552139,2026-04-04T08:23:01.481Z,RP,,,"{""partners"":""@kdoasi""}"
2481,24011695,node,13700552138,2026-04-04T08:23:04.741Z,OS,,,"{""partners"":""@Gibisek""}"
2482,24011695,node,13700552137,2026-04-04T08:23:07.488Z,RP,,,"{""partners"":""@kdoasi ""}"
2487,24008282,node,11769192950,2026-04-04T18:04:57.689Z,OS,,,
2488,24008282,node,11769201157,2026-04-04T18:07:39.903Z,OS,,,
2489,24008282,node,11769201156,2026-04-04T18:07:42.981Z,OS,,,
2490,24008282,node,13700524239,2026-04-04T18:08:29.010Z,PP,"nepříjemný",,
2491,24008282,node,13700524238,2026-04-04T18:09:26.811Z,PP,6a,,
2492,9631658,node,13700524238,2026-04-04T18:31:04.057Z,FL,,,"{""partners"":""@kdoasi""}"
2493,24008154,node,13700524239,2026-04-04T18:53:17.661Z,OS,,,"{""partners"":""@jvaclavik""}"
2494,24008154,node,13700524238,2026-04-04T18:54:20.046Z,FL,,,"{""partners"":""@jvaclavik""}"
2495,24008154,node,13699465620,2026-04-04T18:58:14.529Z,OS,,,"{""partners"":""@jvaclavik""}"
2497,9631658,node,13699465616,2026-04-04T19:38:34.614Z,RP,,,"{""partners"":""@KBártík""}"
2498,9631658,node,13699465620,2026-04-04T19:40:07.180Z,RP,,,"{""partners"":""@kdoasi ""}"
2499,24008282,node,13699276807,2026-04-05T17:13:50.041Z,FL,,,"{""partners"":""@jvaclavik""}"
2501,24008282,node,13699276809,2026-04-05T17:39:25.693Z,OS,,,"{""partners"":""@kdoasi""}"
2502,24008282,node,13699276807,2026-04-05T17:41:04.139Z,PP,,,
2503,24008282,node,13699276839,2026-04-05T17:41:43.286Z,OS,,,
2504,162287,node,13699276840,2026-04-05T17:42:56.907Z,OS,,,
2505,162287,node,13699276841,2026-04-05T17:43:14.978Z,OS,,,
2506,162287,node,13699276809,2026-04-05T17:43:30.568Z,OS,,,
2507,24008282,node,13700552132,2026-04-06T17:59:37.650Z,OS,,,
2508,24008282,node,13700552131,2026-04-06T18:02:20.034Z,FL,,,"{""partners"":""@kdoasi ""}"
2509,24008282,node,13700552144,2026-04-06T18:02:36.119Z,OS,,,
2510,24008282,node,13700552143,2026-04-06T18:02:42.168Z,OS,,,
2512,24011695,node,13699276809,2026-04-05T18:23:00.646Z,TR,,,
2513,24011695,node,13699276807,2026-04-05T18:23:38.971Z,PP,,,"{""partners"":""@Gibisek ""}"
2514,24011695,node,13700552148,2026-04-06T18:25:09.481Z,OS,,,
2515,24011695,node,13700552146,2026-04-06T18:25:28.747Z,PP,,,
2516,24008154,node,13700552131,2026-04-06T18:26:32.986Z,FL,,,"{""partners"":""@gibisek ""}"
2517,24008154,node,13700552130,2026-04-06T18:30:39.129Z,OS,,,"{""partners"":""@gibisek ""}"
2518,24008154,node,13700552129,2026-04-06T18:31:07.116Z,OS,,,"{""partners"":""@jvaclavik ""}"
2519,24008154,node,13700552144,2026-04-06T18:32:12.031Z,FL,,,"{""partners"":""@gibisek ""}"
2520,24008154,node,13700552143,2026-04-06T18:32:28.315Z,FL,,,"{""partners"":""@gibisek""}"
2521,24011695,node,13699465616,2026-04-04T18:36:08.621Z,OS,,,"{""partners"":""@jvaclavik ""}"
2522,24011695,node,13700524239,2026-04-04T18:37:11.005Z,PJ,,,"{""partners"":""@jvaclavik""}"
2524,24008282,node,13123217515,2026-04-06T18:45:32.836Z,RP,,,
2525,24008154,node,13699276819,2026-04-07T15:55:42.507Z,OS,,,"{""partners"":""@gibisek""}"
2526,24008154,node,13699276839,2026-04-07T15:57:23.538Z,FL,,,"{""partners"":""@gibisek""}"
2527,24008154,node,13699276841,2026-04-07T15:58:17.033Z,FL,,,"{""partners"":""@gibisek""}"
2528,24008282,node,11609894156,2026-04-12T17:02:02.793Z,FL,,,
2529,24008282,node,11609894158,2026-04-12T17:02:37.125Z,FL,,,
2530,24008282,node,11609894159,2026-04-12T17:02:58.459Z,FL,,,
2531,24008282,node,11609894150,2026-04-12T17:03:18.634Z,FL,,,
2533,1453032,node,11967465648,2026-04-20T23:43:36.385Z,OS,,,
2534,1453032,node,11967465648,2026-04-20T23:44:24.022Z,OS,,,
2538,538387,node,12451350906,2026-05-04T22:36:24.351Z,OS,,,
2539,538387,node,12451350906,2026-05-04T22:36:29.340Z,OS,,,
2541,24075186,node,13796391282,2026-05-05T11:40:51.962Z,OS,,"Leggermente più facile tenendosi sulla sinistra.",
2542,24103259,node,11645693216,2025-11-06T17:18:04.672Z,OS,,,
2543,24103259,node,11645693217,2025-11-06T17:18:12.500Z,TR,,,
2544,24103259,node,11645693216,2025-11-06T17:18:30.936Z,TR,,,
2545,24103259,node,11645693218,2025-11-06T17:18:45.053Z,OS,,,
2546,24103259,node,11645695945,2025-11-06T17:19:19.585Z,OS,,,
2547,24103259,node,11645695947,2025-11-06T17:19:54.066Z,TR,,,
2548,24103259,node,11645695946,2025-11-06T17:20:30.446Z,TR,,,
2549,24103259,node,11645691921,2025-11-06T17:20:58.114Z,OS,,,
2550,24103259,node,11822884913,2026-05-09T20:08:42.531Z,RP,,,
2551,24103259,node,11822884914,2026-05-09T20:10:00.150Z,TR,,,
2552,24103259,node,11822884915,2026-05-09T20:10:22.822Z,OS,,,
2553,24103259,node,11822884915,2026-05-09T20:11:30.642Z,OS,,,
2554,24103259,node,11822851216,2026-05-09T20:14:58.694Z,OS,,,
2555,24103259,node,11822851217,2026-05-09T20:15:20.613Z,TR,,,
2556,24103259,node,11822851219,2026-05-09T20:15:38.868Z,TR,,,
2557,24103259,node,11809456824,2026-04-25T20:22:39.259Z,OS,,,
2558,24103259,node,11809456823,2026-04-25T20:23:15.106Z,OS,,,
2559,24103259,node,11809456822,2026-05-09T20:24:29.742Z,TR,,,
2560,24103259,node,11809456830,2026-05-09T20:25:07.569Z,TR,,,
2561,24103259,node,11818063886,2026-04-25T20:26:19.617Z,OS,,,
2562,24117475,node,11581294556,2026-05-11T07:50:41.232Z,OS,,,
2563,24117475,node,11581294550,2026-05-10T07:50:56.548Z,PJ,6,,
2564,24117475,node,11581294551,2026-05-10T07:51:35.452Z,PJ,6+,,
2566,24117475,node,13076366389,2026-05-10T08:59:31.344Z,OS,,,
2568,24117475,node,11557711623,2026-05-10T08:59:55.613Z,OS,6-,,
2569,24117475,node,11557711627,2026-05-10T09:01:07.127Z,TR,5,,
2570,24117475,node,11557711628,2026-05-10T09:01:30.825Z,TR,,,
2571,24117475,node,11799271092,2025-05-11T09:04:15.325Z,PJ,,,
2572,24117475,node,11769201165,2025-09-11T09:06:28.771Z,PJ,,,
2573,24117475,node,11769201163,2025-09-11T09:06:56.689Z,PJ,,,
2574,24117475,node,11769241671,2025-09-11T09:08:03.825Z,PJ,,,
2575,24117475,node,11688405167,2025-07-11T09:09:36.870Z,AF,,,
2576,24117475,node,11693601513,2026-05-11T09:12:18.604Z,OS,,,
2577,24117475,node,11688423572,2026-05-11T09:13:27.297Z,OS,,,
2578,24117475,node,11784065275,2025-07-11T09:15:15.004Z,AF,6,,
2579,24117475,node,11633762914,2026-05-17T13:19:30.680Z,OS,,,
2580,24117475,node,11633762919,2026-05-17T13:19:52.549Z,OS,,,
2581,24117475,node,11633762921,2026-05-17T13:19:55.776Z,TR,,,
2582,24117475,node,11633762912,2026-05-17T13:20:22.573Z,PJ,,,
2583,24008154,node,11622129194,2026-05-18T18:22:13.612Z,TR,,,"{""partners"":""@jvaclavik ""}"
2584,24008154,node,11622129195,2026-05-18T18:23:03.983Z,FL,,,"{""partners"":""@jvaclavik""}"
2585,24008154,node,11622129196,2026-05-18T18:25:55.986Z,FL,,,"{""partners"":""@jvaclavik""}"
2586,24008154,node,11622129200,2026-05-18T18:26:59.550Z,FL,,,"{""partners"":""@jvaclavik""}"
2587,24008154,node,12897743018,2026-05-19T13:53:39.073Z,TR,,,"{""partners"":""@jvaclavik""}"
2588,24008154,node,11768994364,2026-05-19T13:55:04.034Z,FL,,,"{""partners"":""@jvaclavik""}"
2589,24008154,node,11768994363,2026-05-19T13:55:52.650Z,FL,,,"{""partners"":""@jvaclavik""}"
2590,24008154,node,11768994362,2026-05-19T13:56:12.684Z,FL,,,"{""partners"":""@jvaclavik""}"
2592,1991301,node,13846888058,2026-05-20T06:34:22.243Z,OS,,,
2593,598980,node,13834527293,2026-05-23T21:58:30.628Z,TR,,,
2594,598980,node,13834684440,2026-05-23T21:59:26.104Z,TR,,,
2595,598980,node,13834684441,2026-05-23T21:59:30.240Z,PJ,,,
2596,598980,node,13834685142,2026-05-23T22:01:46.698Z,TR,,,
2597,598980,node,13834685143,2026-05-23T22:01:49.827Z,TR,,,
2598,598980,node,13834685141,2026-05-23T22:02:02.720Z,TR,,,
2599,598980,node,13834685140,2026-05-23T22:02:33.079Z,TR,,,
2600,598980,node,13834685137,2026-05-23T22:03:41.085Z,OS,,,
2601,9631658,node,11581294538,2026-05-24T11:27:36.164Z,OS,,,
2602,9631658,node,11581294544,2026-05-24T11:39:08.598Z,OS,,,
2603,24008154,node,11557711619,2026-05-24T16:01:46.301Z,OS,,,"{""partners"":""@nedko""}"
2604,24008154,node,11557711624,2026-05-24T16:03:36.208Z,OS,,,"{""partners"":""@nedko""}"
2605,24008154,node,11557711629,2026-05-24T16:05:10.272Z,FL,,,"{""partners"":""@gibisek ""}"
2606,24008154,node,11557711631,2026-05-24T16:09:18.591Z,PJ,,,"{""partners"":""@nedko ""}"
2607,24008154,node,11581294541,2026-05-24T16:11:51.863Z,OS,,,"{""partners"":""@nedko ""}"
2609,23609787,node,13876272918,2026-05-25T14:22:38.426Z,RP,,,
2610,23609787,node,13876129314,2026-05-25T14:23:08.666Z,RP,,,
2611,9631658,node,11557711631,2026-05-26T07:20:33.620Z,OS,,,
2612,9631658,node,11570532458,2026-05-27T07:54:40.167Z,OS,,,
2613,9631658,node,13076366389,2026-05-27T17:07:00.461Z,OS,,,
2615,23609787,node,13876272919,2026-05-28T07:48:58.295Z,RP,,,
2616,23609787,node,13876129317,2026-05-28T07:50:42.044Z,RP,,,
2617,23609787,node,13890779014,2026-05-28T07:50:44.890Z,RP,,,
2618,23609787,node,13890779015,2026-05-28T07:50:46.960Z,RP,,,
2619,23609787,node,13876129316,2026-05-28T07:51:24.500Z,RP,,"
",
2620,23609787,node,13885728428,2026-05-28T07:51:26.739Z,RP,,,
2621,23609787,node,13875442338,2026-05-28T07:52:54.959Z,RP,,,
2622,23609787,node,13887905302,2026-05-28T07:53:04.319Z,RP,,,
2623,23609787,node,13883429099,2026-05-28T07:55:08.183Z,RP,,,
2624,23609787,node,13890797604,2026-05-28T07:55:11.680Z,RP,,,
2625,23609787,node,13883370009,2026-05-28T08:42:31.943Z,RP,,,
2626,23609787,node,13890953928,2026-05-28T08:42:34.238Z,RP,,,
2628,23609787,node,13890771748,2026-05-28T08:42:59.151Z,RP,,,
2629,23609787,node,13883555401,2026-05-28T08:43:58.694Z,RP,,,
2630,23609787,node,13883429097,2026-05-28T09:44:58.463Z,RP,,,
2631,23609787,node,13891019395,2026-05-28T09:45:00.655Z,RP,,,
2633,23609787,node,13875610912,2026-05-28T09:51:20.830Z,RP,,"Bloc 5 étoiles",
2635,24189237,node,13834825316,2026-06-02T18:55:21.905Z,OS,,,
2636,24191586,node,13885728428,2026-06-06T13:40:55.635Z,OS,,,
2637,598980,node,11939726183,2026-06-06T14:59:48.133Z,TR,,,
2638,24189237,node,13834527293,2026-06-02T15:37:06.635Z,OS,,,
2639,9631658,node,11809456828,2026-06-07T15:42:02.394Z,TR,,,
2640,9631658,node,11809456824,2026-06-07T15:42:23.710Z,OS,,,
2642,9631658,node,11818063887,2026-06-07T15:44:05.498Z,OS,,,
2644,9631658,node,11818063884,2026-06-07T15:44:27.569Z,OS,,,
2645,24195203,node,11769201157,2026-06-07T19:34:19.202Z,TR,,,
2646,24195203,node,11769201156,2026-06-07T19:35:18.165Z,OS,,,
2647,24195203,node,11769192951,2026-06-07T19:35:32.941Z,OS,,,
2648,24195203,node,11769192950,2026-06-07T19:35:47.062Z,OS,,,
2649,24195203,node,11769192946,2026-06-07T19:35:57.943Z,OS,,,
2650,24195203,node,11769174415,2026-06-07T19:36:12.559Z,OS,,,
2651,24195203,node,11769174407,2026-06-07T19:37:00.494Z,OS,,"Slaňák má zaseklý twistlock, lepší dojít k nejbližšímu na levo",
2653,24195226,node,11769174411,2026-06-07T19:46:48.685Z,OS,,,
2654,24195226,node,11769174410,2026-06-07T19:47:14.713Z,OS,,,
2655,24195226,node,11769192947,2026-06-07T19:48:43.452Z,OS,,,
2656,24195226,node,11769192950,2026-06-07T19:49:02.033Z,OS,,,
2657,24195226,node,11769192951,2026-06-07T19:49:13.626Z,OS,,,
2658,24195226,node,11769201156,2026-06-07T19:50:50.014Z,OS,,,
2659,24195226,node,11769201157,2026-06-07T19:51:15.067Z,OS,,,
2660,24195226,node,11817131295,2026-06-07T20:26:18.336Z,OS,,,
2661,24195226,node,11817131302,2026-06-07T20:29:24.782Z,OS,,,
2662,24195226,node,11817104523,2026-06-07T20:31:57.359Z,OS,,,
2663,24011695,node,11809456830,2026-06-08T19:25:47.938Z,TR,,,
2664,24011695,node,11818063887,2026-06-08T19:26:44.127Z,OS,,,"{""partners"":""@jvaclavik ""}"
2665,24011695,node,11818063886,2026-06-08T19:27:08.425Z,OS,,,"{""partners"":""@jvaclavik ""}"
2666,24202100,node,11769174415,2026-06-09T17:01:14.536Z,TR,,,
2667,24202100,node,11769174407,2026-06-09T17:01:31.313Z,TR,,,
2668,24202100,node,11769192946,2026-06-09T17:02:27.501Z,TR,,,
2669,24202100,node,11769192947,2026-06-09T17:02:43.296Z,TR,,,
2670,24202100,node,11769192949,2026-06-09T17:02:49.241Z,TR,,,
2671,24202100,node,11769192950,2026-06-09T17:02:52.749Z,OS,,,
2672,24195203,node,11769192947,2026-06-09T17:02:53.772Z,OS,,,
2673,24202100,node,11769192950,2026-06-09T19:15:08.488Z,TR,,,
2675,9631658,node,11809456830,2026-06-07T20:29:43.964Z,OS,,,
2679,24008154,node,11834971499,2026-06-06T11:06:21.465Z,TR,,,"{""partners"":""@rado""}"
2680,24008154,node,11834971497,2026-06-06T11:07:20.848Z,FL,,,"{""partners"":""@rado ""}"
2681,24008154,node,11834971505,2026-06-06T12:10:00.336Z,TR,,,"{""partners"":""@rado ""}"
2682,24008154,node,11834971507,2026-06-06T12:10:40.488Z,TR,,,"{""partners"":""@rado ""}"
2683,24008154,node,11556343564,2026-06-06T12:12:25.404Z,TR,,,"{""partners"":""@rado""}"
2691,162287,node,13834684444,2026-06-11T08:38:18.578Z,OS,,,
2692,23609787,node,13929847633,2026-06-11T22:28:51.351Z,RP,6c,,
2693,23609787,node,13883576645,2026-06-14T17:37:38.665Z,RP,,,
2694,23609787,node,13926017107,2026-06-14T17:37:41.601Z,OS,,,
2695,23609787,node,13883576638,2026-06-14T17:48:02.097Z,OS,,,
2696,23609787,node,13883576644,2026-06-14T17:55:58.704Z,OS,,,
2698,23609787,node,13926017110,2026-06-14T18:06:13.041Z,RP,,,
2699,23609787,node,13938863229,2026-06-14T18:06:15.032Z,OS,,,
2700,23609787,node,13926017111,2026-06-14T18:06:17.793Z,OS,,,
2701,23609787,node,13938916889,2026-06-14T19:41:46.430Z,OS,,,
2702,23609787,node,13926016764,2026-06-15T21:32:21.090Z,OS,,,
2703,23609787,node,13926016763,2026-06-15T21:32:25.146Z,OS,,,
2704,9631658,node,12877600983,2026-06-20T16:12:29.277Z,OS,,,
2705,9631658,node,12877600985,2026-06-20T16:12:42.623Z,OS,,,
2706,9631658,node,12877621026,2026-06-20T16:12:46.877Z,OS,,,
2707,9631658,node,11935582526,2026-06-20T16:47:45.166Z,OS,,,
2708,9631658,node,11935582522,2026-06-20T16:47:48.767Z,FL,,,
2709,9631658,node,11935575326,2026-06-20T17:31:12.716Z,TR,,,
2710,162287,node,13954944927,2019-06-21T05:52:35.677Z,OS,,,
2711,23609787,node,13883220572,2026-06-21T08:18:19.833Z,RP,,,
2712,24195203,way,1390227071,2026-06-21T11:41:26.923Z,OS,,,
2713,24202100,way,1390227066,2026-06-21T15:49:55.158Z,OS,,,
2714,24195203,way,1390227077,2026-06-21T16:51:04.128Z,OS,,,
2715,24117475,node,11580044092,2026-06-24T13:40:35.768Z,AF,"tak 6+/7- ","jeden odsed dopíči!! na potřetí na polici, jen psycho. Pak čistě až navrch. Dole sprasený přes tu 4.",
2716,24117475,node,11570532454,2026-06-24T13:43:57.041Z,PJ,,,
2717,24117475,node,11570532453,2026-06-24T13:44:22.126Z,PJ,,,"{""partners"":""od pulky nahoru cca""}"
2718,23609787,node,3348366705,2026-06-16T08:47:28.844Z,TR,,,
2719,23609787,node,13971029333,2026-06-29T08:34:43.792Z,RP,,,
2720,23609787,node,13926016790,2026-06-30T18:46:34.893Z,OS,,,
2721,23609787,node,13926016789,2026-06-30T18:46:39.325Z,OS,,,
2722,23609787,node,13978838867,2026-06-30T20:27:52.929Z,OS,,,
2723,23609787,node,13980073768,2026-07-01T13:17:44.279Z,FL,"6b+ soft","Voie très plaisante",
2725,9631658,node,13985408332,2026-07-03T08:37:33.928Z,FL,,,
2726,9631658,node,13985408323,2026-07-03T08:38:08.741Z,OS,,,
2727,9631658,node,13987596138,2026-07-03T08:41:41.403Z,OS,,,
2729,9631658,node,13011575006,2025-07-05T13:15:28.652Z,OS,,,
2730,9631658,node,13011575004,2025-07-05T13:15:31.782Z,OS,,,
2731,9631658,node,13011575007,2025-07-19T13:15:42.920Z,OS,,,
2732,9631658,node,13011583544,2025-07-05T13:16:24.933Z,OS,,,
2733,9631658,node,13011583542,2025-07-19T13:16:31.107Z,OS,,,
2734,23609787,node,13984279227,2026-07-04T13:21:22.199Z,OS,,,
2735,9631658,node,13989685477,2026-07-04T09:46:35.895Z,OS,,,
2736,9631658,node,13989645502,2026-07-04T09:46:49.911Z,OS,,,
2737,9631658,node,13985531252,2026-07-04T09:47:26.802Z,OS,,,
2738,9631658,node,13985531235,2026-07-04T09:47:38.565Z,OS,,,
2739,162287,way,1525261315,2026-07-02T16:50:59.009Z,FS,,,
2740,9631658,node,13011583541,2026-07-05T18:12:08.633Z,FL,,,
2741,9631658,node,13011583546,2026-07-05T18:12:24.938Z,OS,,,
2742,9631658,node,13011575004,2026-07-05T18:13:38.680Z,FL,,,
2743,9631658,node,13011575006,2026-07-05T18:13:57.330Z,OS,,,
2744,24008154,node,13987596138,2026-07-03T20:10:44.229Z,FL,,,"{""partners"":""@KBártík ""}"
2745,24008154,node,13985408323,2026-07-03T20:12:24.409Z,FL,,,"{""partners"":""@KBártík""}"
2746,24008154,node,13985408332,2026-07-03T20:13:08.459Z,OS,,,"{""partners"":""@jvaclavik ""}"
2747,24008154,node,13985531252,2026-07-04T20:19:13.596Z,OS,,,"{""partners"":""@jvaclavik""}"
2748,24008154,node,13985531235,2026-07-04T20:21:05.459Z,PJ,,,"{""partners"":""@jvaclavik""}"
2749,24008154,node,13985531230,2026-07-04T20:30:02.044Z,OS,,,"{""partners"":""@KBártík ""}"
2750,24008154,node,13989645502,2026-07-04T20:34:40.077Z,PJ,,,"{""partners"":""@hadzi""}"
2751,24008154,node,13989685477,2026-07-04T20:36:11.559Z,OS,,,"{""partners"":""@jvaclavik ""}"
2752,24008154,node,13011575006,2026-07-05T20:37:58.690Z,PP,,,"{""partners"":""@marianka""}"
2753,24008154,node,13011575004,2026-07-05T20:42:43.367Z,PP,,,"{""partners"":""@KBártík ""}"
2754,24008154,node,13011583541,2026-07-05T20:44:43.137Z,OS,,,"{""partners"":""@jvaclavik ""}"
2755,24008154,node,13011583542,2026-07-05T20:45:43.076Z,PJ,,,"{""partners"":""@jvaclavik""}"
2756,24008154,node,13011583544,2026-07-05T20:46:12.809Z,OS,,,"{""partners"":""@jvaclavik""}"
2757,24008154,node,13993385632,2026-07-06T20:48:18.076Z,FL,,,"{""partners"":""@jvaclavik""}"
2758,24008154,node,13993385651,2026-07-06T20:50:10.390Z,FL,,,"{""partners"":""@jvaclavik""}"
2759,23146528,node,13994543168,2026-07-06T09:33:12.933Z,OS,3+,,"{""partners"":""Jan Papež""}"
2760,9631658,node,13993385651,2026-07-06T11:34:52.619Z,OS,,,
2761,9631658,node,13993385632,2026-07-06T11:35:22.524Z,OS,,,
2764,23609787,node,13986147656,2026-07-08T06:14:08.694Z,RP,,,
2765,23609787,node,13986147647,2026-07-08T06:15:06.249Z,RP,,,
2766,23609787,node,13986147646,2026-07-08T06:15:45.181Z,RP,,,
2767,23609787,node,13986147635,2026-07-08T06:16:06.235Z,RP,,,
2768,23609787,node,13986147632,2026-07-08T06:16:26.038Z,RP,,,
2769,23609787,node,13986147631,2026-07-08T06:16:29.129Z,RP,,,
2770,23609787,node,13986147630,2026-07-08T06:16:42.674Z,RP,,,
2771,23609787,node,13986147629,2026-07-08T06:16:45.946Z,RP,,,
2772,23609787,node,13986147628,2026-07-08T06:16:52.448Z,RP,,,
2773,23609787,node,13986147627,2026-07-08T06:16:55.789Z,RP,,,
2774,23609787,node,13986147616,2026-07-08T06:17:08.616Z,RP,,,
2775,23609787,node,13986147615,2026-07-08T06:17:18.231Z,RP,,,
2776,23609787,node,13986147617,2026-07-08T06:17:34.566Z,RP,,,
2777,23609787,node,13986147621,2026-07-08T06:17:49.937Z,RP,,,
2778,23609787,node,13986147614,2026-07-08T06:18:08.673Z,RP,,,
2779,23609787,node,13986147607,2026-07-08T06:18:21.773Z,RP,,,
2780,162287,node,11630436752,2026-07-09T15:23:22.595Z,OS,,,
2781,162287,node,11630436746,2026-07-09T15:23:37.117Z,OS,,,
2782,162287,node,11630531394,2026-07-09T02:33:18.280Z,OS,,,
2783,23609787,node,13980073766,2026-07-10T21:45:12.940Z,RP,,,
2784,24008154,node,11809456828,2026-07-11T12:49:43.412Z,PJ,,,"{""partners"":""@gibisek ""}"
2785,24008154,node,11809456828,2026-07-11T12:50:04.380Z,PJ,,"Try #2","{""partners"":""@gibisek ""}"
2786,24008154,node,11809456824,2026-07-11T12:52:25.824Z,OS,,,"{""partners"":""@gibisek ""}"
2787,24008154,node,11818063884,2026-07-11T12:52:58.974Z,OS,,,"{""partners"":""@gibisek""}"
2788,24008154,node,11818063883,2026-07-11T12:53:12.186Z,OS,,,"{""partners"":""@gibisek""}"
2789,24008154,node,11818063882,2026-07-11T12:53:24.089Z,OS,,,"{""partners"":""@gibisek""}"
2790,9631658,node,12714014902,2026-07-12T05:13:44.866Z,OS,,,
2791,9631658,node,12713995100,2026-07-12T05:13:57.834Z,TR,,,
2792,9631658,node,12714014903,2026-07-12T05:14:12.104Z,TR,,,
2793,9631658,node,12714014904,2026-07-12T05:14:20.701Z,TR,,,
2794,23609787,node,13997292637,2026-07-15T09:22:07.332Z,RP,,,
2795,23609787,node,13997292641,2026-07-15T09:22:19.012Z,RP,,,
2796,24202100,node,13834690403,2026-07-15T17:05:17.426Z,OS,,,
2797,24202100,node,13834527295,2026-07-15T17:05:33.915Z,AF,,,
2798,24202100,node,13834684458,2026-07-15T17:06:08.711Z,OS,,,
2799,24202100,node,13834684457,2026-07-15T17:06:21.518Z,OS,,,
2800,24202100,node,13834527296,2026-07-15T18:39:58.707Z,OS,,,
2801,24202100,node,13834512692,2026-07-15T18:40:04.105Z,AF,,,
2802,24008154,node,11630531394,2026-07-17T09:09:03.206Z,OS,,,"{""partners"":""@jvaclavik ""}"
2803,24008154,node,11630531393,2026-07-17T09:09:29.933Z,OS,,,"{""partners"":""@jvaclavik ""}"
2804,24008154,node,11630531392,2026-07-17T09:09:58.533Z,RP,,,"{""partners"":""@jvaclavik""}"
2805,24008154,node,11630531391,2026-07-17T09:10:13.145Z,RP,,,"{""partners"":""@jvaclavik""}"
2806,24008154,node,11630531390,2026-07-17T09:10:30.728Z,RP,,,"{""partners"":""@jvaclavik""}"
2807,13667861,node,11817098097,2026-07-12T19:54:07.297Z,OS,,,"{""partners"":""Robin""}"
2808,13667861,node,11817098093,2026-07-12T19:54:26.850Z,OS,,,"{""partners"":""Robin""}"
2809,13667861,node,11817131302,2026-07-12T19:54:48.143Z,OS,,,"{""partners"":""Robin""}"
2810,13667861,node,11817131297,2026-07-12T19:54:50.469Z,OS,,,"{""partners"":""Robin""}"
2811,13667861,node,11817131298,2026-07-12T19:55:02.011Z,RP,,,"{""partners"":""Robin""}"
2812,13667861,node,11817131299,2026-07-12T19:55:12.459Z,RP,,,"{""partners"":""Robin""}"
2813,9631658,node,11630531390,2026-07-17T11:27:16.070Z,RP,,,"{""partners"":""@kdoasi ""}"
2814,9631658,node,11630531391,2026-07-17T11:27:34.600Z,RP,,,"{""partners"":""@kdoasi ""}"
2815,9631658,node,11630531392,2026-07-17T11:28:00.085Z,RP,,,"{""partners"":""@kdoasi ""}"
2816,9631658,node,11630531393,2026-07-17T11:28:10.710Z,RP,,,"{""partners"":""@kdoasi ""}"
2817,9631658,node,11630531394,2026-07-17T11:28:19.049Z,RP,,,"{""partners"":""@kdoasi ""}"
2818,23609787,node,14028353410,2026-07-18T09:39:02.969Z,FL,,,
2819,23609787,node,14028353409,2026-07-18T09:39:05.168Z,FL,,,
2820,23609787,node,14028285095,2026-07-18T13:47:15.938Z,FL,,,
2821,23609787,node,14028285098,2026-07-18T13:47:34.346Z,FL,,,
2822,9631658,node,13338484968,2026-07-21T18:30:26.645Z,OS,,,"{""partners"":""Honza Svoboda""}"
2823,9631658,node,11660210983,2026-07-21T18:30:29.214Z,FL,,,"{""partners"":""Honza Svoboda""}"
2824,9631658,node,11660210982,2026-07-21T18:30:51.638Z,FL,,,"{""partners"":""Honza Svoboda""}"
2825,9631658,node,11660210979,2026-07-21T18:30:56.584Z,RP,,,"{""partners"":""Honza Svoboda""}"
2826,9631658,node,13094807487,2026-07-25T14:27:26.920Z,OS,,,"{""partners"":""@KBártík ""}"
2827,9631658,node,13094807488,2026-07-25T14:27:26.920Z,TR,,,"{""partners"":""@KBártík ""}"
2828,9631658,node,13093944242,2026-07-25T14:27:26.920Z,PJ,,,"{""partners"":""@KBártík ""}"
2829,9631658,node,13093944241,2026-07-25T14:27:26.920Z,OS,,,"{""partners"":""@KBártík ""}"
2831,9631658,node,13094807492,2026-07-25T14:27:26.920Z,OS,,,"{""partners"":""@KBártík ""}"
2832,9631658,node,13094807481,2026-07-25T14:27:26.920Z,OS,,,"{""partners"":""@KBártík ""}"
2833,24011695,node,13093944241,2026-07-25T17:36:50.432Z,PJ,,,"{""partners"":""@jvaclavik""}"
2834,24011695,node,13094807487,2026-07-25T17:38:50.357Z,TR,,,
2837,24011695,node,13094807489,2026-07-25T17:40:18.651Z,PP,,,
2838,9631658,node,13068763141,2026-07-26T14:27:26.920Z,OS,,,"{""partners"":""@KBártík ""}"
2839,9631658,node,13069088823,2026-07-26T14:27:26.920Z,OS,,,"{""partners"":""@KBártík ""}"
2840,13667861,node,11817098098,2026-07-26T13:19:27.834Z,OS,,,"{""partners"":""Fanda""}"
2841,13667861,node,11817104527,2026-07-26T13:21:32.716Z,RP,,,"{""partners"":""Fanda""}"
2842,13667861,node,11824406288,2026-07-26T13:22:16.876Z,OS,,,"{""partners"":""Fanda""}"
2843,13667861,node,11824406291,2026-07-26T13:22:30.982Z,OS,,,"{""partners"":""Fanda""}"
2844,13667861,node,11824396601,2026-07-26T13:23:29.926Z,OS,,,"{""partners"":""Fanda""}"
2845,13667861,node,11824396593,2026-07-26T13:23:48.510Z,RP,,,"{""partners"":""Fanda""}"
2846,24357795,node,13893894493,2026-07-27T23:28:46.207Z,TR,,,
2847,24357795,node,13893894487,2026-07-25T23:29:07.280Z,OS,,,
2848,24357795,node,12785659870,2026-07-27T23:31:20.590Z,TR,,,
2849,24075186,node,13796552104,2026-07-28T06:55:50.037Z,OS,,,
2850,24075186,node,13796569960,2026-07-28T06:56:45.252Z,OS,,,
2851,24075186,node,13796591594,2026-07-28T06:56:52.118Z,RP,,,
2852,24075186,node,14053379735,2026-07-28T06:58:09.397Z,OS,,,
2853,24075186,node,14053379737,2026-07-28T06:58:13.107Z,OS,,,
2854,24075186,node,14053379738,2026-07-28T06:58:14.860Z,OS,,,
2855,9631658,node,12785464760,2026-07-27T15:55:16.243Z,OS,,,"{""partners"":""Petr Knetl, Bohdan""}"
2856,9631658,node,12785659870,2026-07-27T15:55:16.243Z,OS,,,"{""partners"":""Petr Knetl, Bohdan""}"
2857,9631658,node,12785659854,2026-07-27T15:55:16.243Z,TR,,,"{""partners"":""Petr Knetl, Bohdan""}"
2858,24357795,node,12785464760,2026-07-27T05:03:26.553Z,TR,,,
2859,24357795,node,13891632166,2026-07-25T14:54:22.875Z,TR,,,
2860,24377027,node,11557711623,2026-08-02T13:32:49.235Z,OS,,,
2861,24377027,node,11557711622,2026-08-02T13:33:21.888Z,RP,,,
2862,24377027,node,11557711620,2026-08-02T13:34:00.860Z,OS,,,
2863,24377027,node,11557711620,2026-05-24T13:34:29.472Z,OS,,,
2864,24377027,node,11557711619,2026-05-24T13:35:16.687Z,OS,,,
2865,24377027,node,11557711624,2026-05-24T13:35:39.539Z,OS,,,
2866,24377027,node,11557711627,2026-05-24T13:36:10.164Z,OS,,,
2867,24377027,node,11557711628,2026-08-02T13:36:26.853Z,OS,,,
2868,24377027,node,11557711631,2026-08-02T13:36:40.079Z,RP,,,
2869,24377027,node,11581294553,2026-05-24T13:38:01.957Z,TR,,,
2870,9631658,node,11557711622,2026-08-02T14:27:26.920Z,FL,,,"{""partners"":""@KBártík @kdoasi ""}"
2871,9631658,node,11557711620,2026-08-02T14:27:26.920Z,OS,,,"{""partners"":""@KBártík @kdoasi ""}"
2872,598980,node,11939728783,2026-08-02T15:22:33.347Z,OS,,,
2873,598980,node,11939728780,2026-08-02T15:24:50.900Z,TR,,,
2874,24008154,node,11557711623,2026-08-02T19:17:31.957Z,RP,,,"{""partners"":""@nedko ""}"
2875,24008154,node,11557711622,2026-08-02T19:18:10.123Z,PJ,,,"{""partners"":""@nedko ""}"
2876,24008154,node,11557711628,2026-08-02T19:18:55.007Z,RP,,,"{""partners"":""@nedko""}"
2877,24008154,node,11557711631,2026-08-02T19:19:14.089Z,PJ,,,"{""partners"":""@nedko""}"
2878,23609787,node,13991907405,2026-07-05T09:26:58.932Z,FL,,,
2879,23609787,node,13991897193,2026-07-05T09:31:48.604Z,FL,,,
2880,9631658,node,13834527293,2026-08-07T14:27:51.892Z,OS,,,"{""partners"":""blacks""}"
2881,9631658,node,13834684445,2026-08-07T14:27:51.892Z,PP,,,"{""partners"":""blacks""}"
2882,9631658,node,13834684451,2026-08-07T14:27:51.892Z,PP,,,"{""partners"":""blacks""}"
2883,9631658,node,13834512692,2026-08-07T14:27:51.892Z,OS,,,"{""partners"":""blacks""}"
2884,9631658,node,13834512693,2026-08-07T14:27:51.892Z,OS,,,"{""partners"":""blacks""}"
2885,9631658,node,13834690402,2026-08-07T14:27:51.892Z,TR,,,"{""partners"":""blacks""}"
2886,598980,node,11939728779,2026-08-05T05:30:20.543Z,PJ,,,
2887,9631658,node,11849813140,2026-08-08T14:27:26.920Z,TR,,,"{""partners"":""@KBártík  blacks""}"
2888,9631658,node,11849813137,2026-08-08T14:27:26.920Z,TR,,,"{""partners"":""@KBártík  blacks""}"
2889,9631658,node,11849786907,2026-08-08T14:27:26.920Z,PP,,,"{""partners"":""@KBártík  blacks""}"
2890,9631658,node,11849813141,2026-08-08T14:27:26.920Z,TR,,,"{""partners"":""@KBártík  blacks""}"
2891,23609787,node,13986964401,2026-08-09T17:19:56.568Z,FL,,,
2892,23609787,node,13986948500,2026-08-09T17:20:10.924Z,FL,,,
2893,23609787,node,13986948495,2026-08-09T17:21:44.109Z,RP,,,
2894,23609787,node,13986948493,2026-08-09T17:21:46.677Z,RP,,,
